date,region,sales
06-02-2018,daily_sales_data_0,59601.41
07-02-2018,daily_sales_data_0,57460.02
08-02-2018,daily_sales_data_0,57125.99
09-02-2018,daily_sales_data_0,60564.37
10-02-2018,daily_sales_data_0,58293.69
11-02-2018,daily_sales_data_0,57353.42
12-02-2018,daily_sales_data_0,57104.85
13-02-2018,daily_sales_data_0,58451.61
14-02-2018,daily_sales_data_0,58132.79
15-02-2018,daily_sales_data_0,57593.71
16-02-2018,daily_sales_data_0,57449.93
17-02-2018,daily_sales_data_0,59001.99
18-02-2018,daily_sales_data_0,58567.84
19-02-2018,daily_sales_data_0,60168.15
20-02-2018,daily_sales_data_0,59561.24
21-02-2018,daily_sales_data_0,58253.7
22-02-2018,daily_sales_data_0,57533.78
23-02-2018,daily_sales_data_0,58131.34
24-02-2018,daily_sales_data_0,58386.05
25-02-2018,daily_sales_data_0,60085.77
26-02-2018,daily_sales_data_0,58975.71
27-02-2018,daily_sales_data_0,58572.61
28-02-2018,daily_sales_data_0,59107.18
01-03-2018,daily_sales_data_0,58876.75
02-03-2018,daily_sales_data_0,59465.25
03-03-2018,daily_sales_data_0,57107.36
04-03-2018,daily_sales_data_0,59274.8
05-03-2018,daily_sales_data_0,59067.78
06-03-2018,daily_sales_data_0,59608.89
07-03-2018,daily_sales_data_0,59048.34
08-03-2018,daily_sales_data_0,59489.47
09-03-2018,daily_sales_data_0,58787.49
10-03-2018,daily_sales_data_0,58757.12
11-03-2018,daily_sales_data_0,58198.3
12-03-2018,daily_sales_data_0,58118.3
13-03-2018,daily_sales_data_0,57247.63
14-03-2018,daily_sales_data_0,58179.49
15-03-2018,daily_sales_data_0,58198.57
16-03-2018,daily_sales_data_0,60034.14
17-03-2018,daily_sales_data_0,58959.67
18-03-2018,daily_sales_data_0,58852.67
19-03-2018,daily_sales_data_0,58762.87
20-03-2018,daily_sales_data_0,59304.77
21-03-2018,daily_sales_data_0,58652.18
22-03-2018,daily_sales_data_0,57634.08
23-03-2018,daily_sales_data_0,58397.32
24-03-2018,daily_sales_data_0,59427.19
25-03-2018,daily_sales_data_0,59754.03
26-03-2018,daily_sales_data_0,59007.35
27-03-2018,daily_sales_data_0,59816.85
28-03-2018,daily_sales_data_0,58282.36
29-03-2018,daily_sales_data_0,58202.06
30-03-2018,daily_sales_data_0,57791.52
31-03-2018,daily_sales_data_0,59673.56
01-04-2018,daily_sales_data_0,57697.25
02-04-2018,daily_sales_data_0,58991.93
03-04-2018,daily_sales_data_0,59134.69
04-04-2018,daily_sales_data_0,58609.03
05-04-2018,daily_sales_data_0,57479.27
06-04-2018,daily_sales_data_0,59584.87
07-04-2018,daily_sales_data_0,58141.27
08-04-2018,daily_sales_data_0,58277.32
09-04-2018,daily_sales_data_0,57341.9
10-04-2018,daily_sales_data_0,59985.54
11-04-2018,daily_sales_data_0,59543.57
12-04-2018,daily_sales_data_0,58362.63
13-04-2018,daily_sales_data_0,60628.35
14-04-2018,daily_sales_data_0,58459.98
15-04-2018,daily_sales_data_0,58300.67
16-04-2018,daily_sales_data_0,58671.46
17-04-2018,daily_sales_data_0,58404.66
18-04-2018,daily_sales_data_0,57995.5
19-04-2018,daily_sales_data_0,58210.42
20-04-2018,daily_sales_data_0,58459.3
21-04-2018,daily_sales_data_0,58824.04
22-04-2018,daily_sales_data_0,58363.19
23-04-2018,daily_sales_data_0,58887.57
24-04-2018,daily_sales_data_0,58058.25
25-04-2018,daily_sales_data_0,58880.05
26-04-2018,daily_sales_data_0,58936.65
27-04-2018,daily_sales_data_0,59009.36
28-04-2018,daily_sales_data_0,58578.52
29-04-2018,daily_sales_data_0,58749.53
30-04-2018,daily_sales_data_0,57560.86
01-05-2018,daily_sales_data_0,58832.7
02-05-2018,daily_sales_data_0,57719.5
03-05-2018,daily_sales_data_0,58472.56
04-05-2018,daily_sales_data_0,59132.98
05-05-2018,daily_sales_data_0,58541.23
06-05-2018,daily_sales_data_0,58147.13
07-05-2018,daily_sales_data_0,59918.54
08-05-2018,daily_sales_data_0,59205.53
09-05-2018,daily_sales_data_0,57058.57
10-05-2018,daily_sales_data_0,59699.61
11-05-2018,daily_sales_data_0,58028.69
12-05-2018,daily_sales_data_0,59611.84
13-05-2018,daily_sales_data_0,59365.56
14-05-2018,daily_sales_data_0,57876.88
15-05-2018,daily_sales_data_0,58758.05
16-05-2018,daily_sales_data_0,58919.57
17-05-2018,daily_sales_data_0,59173.28
18-05-2018,daily_sales_data_0,57827.89
19-05-2018,daily_sales_data_0,59051.25
20-05-2018,daily_sales_data_0,59229.79
21-05-2018,daily_sales_data_0,58333.85
22-05-2018,daily_sales_data_0,58818.34
23-05-2018,daily_sales_data_0,59251.02
24-05-2018,daily_sales_data_0,58348.89
25-05-2018,daily_sales_data_0,58233.44
26-05-2018,daily_sales_data_0,58277.25
27-05-2018,daily_sales_data_0,58311.65
28-05-2018,daily_sales_data_0,57607.34
29-05-2018,daily_sales_data_0,59238.14
30-05-2018,daily_sales_data_0,58748.17
31-05-2018,daily_sales_data_0,58613.48
01-06-2018,daily_sales_data_0,59846.04
02-06-2018,daily_sales_data_0,58897.14
03-06-2018,daily_sales_data_0,58371.34
04-06-2018,daily_sales_data_0,58284.26
05-06-2018,daily_sales_data_0,58571.6
06-06-2018,daily_sales_data_0,58863.74
07-06-2018,daily_sales_data_0,57573.76
08-06-2018,daily_sales_data_0,58907.65
09-06-2018,daily_sales_data_0,59463.41
10-06-2018,daily_sales_data_0,58567.28
11-06-2018,daily_sales_data_0,59498.46
12-06-2018,daily_sales_data_0,59881.39
13-06-2018,daily_sales_data_0,59147.2
14-06-2018,daily_sales_data_0,60062.96
15-06-2018,daily_sales_data_0,60582.34
16-06-2018,daily_sales_data_0,58648.67
17-06-2018,daily_sales_data_0,59481.59
18-06-2018,daily_sales_data_0,56746.74
19-06-2018,daily_sales_data_0,59447.12
20-06-2018,daily_sales_data_0,58659.3
21-06-2018,daily_sales_data_0,57715.73
22-06-2018,daily_sales_data_0,59349.99
23-06-2018,daily_sales_data_0,58772.5
24-06-2018,daily_sales_data_0,59086.44
25-06-2018,daily_sales_data_0,59273.1
26-06-2018,daily_sales_data_0,57427.81
27-06-2018,daily_sales_data_0,59752.32
28-06-2018,daily_sales_data_0,58936.63
29-06-2018,daily_sales_data_0,59610.76
30-06-2018,daily_sales_data_0,57101.81
01-07-2018,daily_sales_data_0,58295.32
02-07-2018,daily_sales_data_0,58192.38
03-07-2018,daily_sales_data_0,58688.19
04-07-2018,daily_sales_data_0,60025.05
05-07-2018,daily_sales_data_0,57318.67
06-07-2018,daily_sales_data_0,59060.11
07-07-2018,daily_sales_data_0,59515.78
08-07-2018,daily_sales_data_0,57509.01
09-07-2018,daily_sales_data_0,58290.5
10-07-2018,daily_sales_data_0,59727.68
11-07-2018,daily_sales_data_0,59287.85
12-07-2018,daily_sales_data_0,57207.13
13-07-2018,daily_sales_data_0,59186.42
14-07-2018,daily_sales_data_0,58022.54
15-07-2018,daily_sales_data_0,60142.83
16-07-2018,daily_sales_data_0,59099.95
17-07-2018,daily_sales_data_0,59207.68
18-07-2018,daily_sales_data_0,58363.33
19-07-2018,daily_sales_data_0,58224.03
20-07-2018,daily_sales_data_0,59574.29
21-07-2018,daily_sales_data_0,57303.62
22-07-2018,daily_sales_data_0,57351.98
23-07-2018,daily_sales_data_0,59394.52
24-07-2018,daily_sales_data_0,58922.29
25-07-2018,daily_sales_data_0,59641.84
26-07-2018,daily_sales_data_0,58689.54
27-07-2018,daily_sales_data_0,57942.24
28-07-2018,daily_sales_data_0,57497.66
29-07-2018,daily_sales_data_0,59753.04
30-07-2018,daily_sales_data_0,58304.34
31-07-2018,daily_sales_data_0,59621.77
01-08-2018,daily_sales_data_0,58214.58
02-08-2018,daily_sales_data_0,58555.73
03-08-2018,daily_sales_data_0,57975.96
04-08-2018,daily_sales_data_0,59110.2
05-08-2018,daily_sales_data_0,59564.82
06-08-2018,daily_sales_data_0,57993.47
07-08-2018,daily_sales_data_0,58968.94
08-08-2018,daily_sales_data_0,58187.46
09-08-2018,daily_sales_data_0,59130.94
10-08-2018,daily_sales_data_0,58559.13
11-08-2018,daily_sales_data_0,58682.65
12-08-2018,daily_sales_data_0,58792.16
13-08-2018,daily_sales_data_0,57987.81
14-08-2018,daily_sales_data_0,58288.78
15-08-2018,daily_sales_data_0,57962.36
16-08-2018,daily_sales_data_0,58776.44
17-08-2018,daily_sales_data_0,58404.77
18-08-2018,daily_sales_data_0,58869.41
19-08-2018,daily_sales_data_0,59163.41
20-08-2018,daily_sales_data_0,57927.31
21-08-2018,daily_sales_data_0,59515.83
22-08-2018,daily_sales_data_0,60022.67
23-08-2018,daily_sales_data_0,58874.2
24-08-2018,daily_sales_data_0,59438.79
25-08-2018,daily_sales_data_0,58700.77
26-08-2018,daily_sales_data_0,58532.45
27-08-2018,daily_sales_data_0,57025.72
28-08-2018,daily_sales_data_0,58782.01
29-08-2018,daily_sales_data_0,57421.16
30-08-2018,daily_sales_data_0,58596.56
31-08-2018,daily_sales_data_0,58930.34
01-09-2018,daily_sales_data_0,59948.53
02-09-2018,daily_sales_data_0,58824.22
03-09-2018,daily_sales_data_0,59161.12
04-09-2018,daily_sales_data_0,59601.46
05-09-2018,daily_sales_data_0,58581.79
06-09-2018,daily_sales_data_0,59766.93
07-09-2018,daily_sales_data_0,59042.58
08-09-2018,daily_sales_data_0,59053.4
09-09-2018,daily_sales_data_0,58830.03
10-09-2018,daily_sales_data_0,59420.29
11-09-2018,daily_sales_data_0,58025.41
12-09-2018,daily_sales_data_0,59238.07
13-09-2018,daily_sales_data_0,57943.97
14-09-2018,daily_sales_data_0,59691.75
15-09-2018,daily_sales_data_0,58111.99
16-09-2018,daily_sales_data_0,60352.54
17-09-2018,daily_sales_data_0,59754.1
18-09-2018,daily_sales_data_0,59055.33
19-09-2018,daily_sales_data_0,58940.09
20-09-2018,daily_sales_data_0,59366.17
21-09-2018,daily_sales_data_0,58095.74
22-09-2018,daily_sales_data_0,58326.51
23-09-2018,daily_sales_data_0,59520.64
24-09-2018,daily_sales_data_0,59246.45
25-09-2018,daily_sales_data_0,58909.03
26-09-2018,daily_sales_data_0,58989.47
27-09-2018,daily_sales_data_0,58101.21
28-09-2018,daily_sales_data_0,58624.98
29-09-2018,daily_sales_data_0,58374.48
30-09-2018,daily_sales_data_0,59103.99
01-10-2018,daily_sales_data_0,59867.47
02-10-2018,daily_sales_data_0,58365.41
03-10-2018,daily_sales_data_0,58332.57
04-10-2018,daily_sales_data_0,58908.26
05-10-2018,daily_sales_data_0,59131.68
06-10-2018,daily_sales_data_0,60029.02
07-10-2018,daily_sales_data_0,58285.99
08-10-2018,daily_sales_data_0,58793.82
09-10-2018,daily_sales_data_0,57701.94
10-10-2018,daily_sales_data_0,56859.59
11-10-2018,daily_sales_data_0,59884.2
12-10-2018,daily_sales_data_0,58745.79
13-10-2018,daily_sales_data_0,60196.49
14-10-2018,daily_sales_data_0,58945.29
15-10-2018,daily_sales_data_0,59059.47
16-10-2018,daily_sales_data_0,60346.5
17-10-2018,daily_sales_data_0,57872.69
18-10-2018,daily_sales_data_0,59086.95
19-10-2018,daily_sales_data_0,58099.76
20-10-2018,daily_sales_data_0,57189.31
21-10-2018,daily_sales_data_0,58566.87
22-10-2018,daily_sales_data_0,57611.1
23-10-2018,daily_sales_data_0,59733.89
24-10-2018,daily_sales_data_0,59344.46
25-10-2018,daily_sales_data_0,58795.85
26-10-2018,daily_sales_data_0,58414.61
27-10-2018,daily_sales_data_0,58330.44
28-10-2018,daily_sales_data_0,58822.1
29-10-2018,daily_sales_data_0,59336.58
30-10-2018,daily_sales_data_0,58955.3
31-10-2018,daily_sales_data_0,58277.58
01-11-2018,daily_sales_data_0,58506.05
02-11-2018,daily_sales_data_0,59630.67
03-11-2018,daily_sales_data_0,58573.36
04-11-2018,daily_sales_data_0,57973.7
05-11-2018,daily_sales_data_0,59177.68
06-11-2018,daily_sales_data_0,58541.6
07-11-2018,daily_sales_data_0,58716.96
08-11-2018,daily_sales_data_0,59153.22
09-11-2018,daily_sales_data_0,58574.51
10-11-2018,daily_sales_data_0,59662.57
11-11-2018,daily_sales_data_0,58483.42
12-11-2018,daily_sales_data_0,57985.25
13-11-2018,daily_sales_data_0,58944.12
14-11-2018,daily_sales_data_0,57782.89
15-11-2018,daily_sales_data_0,57416.88
16-11-2018,daily_sales_data_0,57972.51
17-11-2018,daily_sales_data_0,58003.46
18-11-2018,daily_sales_data_0,57862.23
19-11-2018,daily_sales_data_0,59444.44
20-11-2018,daily_sales_data_0,58385.55
21-11-2018,daily_sales_data_0,58608.95
22-11-2018,daily_sales_data_0,60229.96
23-11-2018,daily_sales_data_0,58248.19
24-11-2018,daily_sales_data_0,57803.43
25-11-2018,daily_sales_data_0,58655.43
26-11-2018,daily_sales_data_0,58930.63
27-11-2018,daily_sales_data_0,59328.5
28-11-2018,daily_sales_data_0,59044.08
29-11-2018,daily_sales_data_0,58251.55
30-11-2018,daily_sales_data_0,58483.46
01-12-2018,daily_sales_data_0,58868.27
02-12-2018,daily_sales_data_0,57448.97
03-12-2018,daily_sales_data_0,58944.86
04-12-2018,daily_sales_data_0,58290.86
05-12-2018,daily_sales_data_0,58811.99
06-12-2018,daily_sales_data_0,58954.42
07-12-2018,daily_sales_data_0,59214.38
08-12-2018,daily_sales_data_0,59672.76
09-12-2018,daily_sales_data_0,59114.44
10-12-2018,daily_sales_data_0,59101.07
11-12-2018,daily_sales_data_0,58531.52
12-12-2018,daily_sales_data_0,58879.32
13-12-2018,daily_sales_data_0,59264.13
14-12-2018,daily_sales_data_0,59673.91
15-12-2018,daily_sales_data_0,58626.56
16-12-2018,daily_sales_data_0,58818.68
17-12-2018,daily_sales_data_0,59276.08
18-12-2018,daily_sales_data_0,58227.75
19-12-2018,daily_sales_data_0,59112.98
20-12-2018,daily_sales_data_0,58620.55
21-12-2018,daily_sales_data_0,59168.14
22-12-2018,daily_sales_data_0,58415.73
23-12-2018,daily_sales_data_0,59367.61
24-12-2018,daily_sales_data_0,57841.81
25-12-2018,daily_sales_data_0,58732.28
26-12-2018,daily_sales_data_0,57825.74
27-12-2018,daily_sales_data_0,59759.68
28-12-2018,daily_sales_data_0,58486.77
29-12-2018,daily_sales_data_0,58247.72
30-12-2018,daily_sales_data_0,59703.52
31-12-2018,daily_sales_data_0,57719.56
01-01-2019,daily_sales_data_0,57541.24
02-01-2019,daily_sales_data_0,59690.37
03-01-2019,daily_sales_data_0,57791.37
04-01-2019,daily_sales_data_0,59531.23
05-01-2019,daily_sales_data_0,59127.12
06-01-2019,daily_sales_data_0,59847.62
07-01-2019,daily_sales_data_0,59563.2
08-01-2019,daily_sales_data_0,59182.09
09-01-2019,daily_sales_data_0,58570.07
10-01-2019,daily_sales_data_0,57893.14
11-01-2019,daily_sales_data_0,58751.17
12-01-2019,daily_sales_data_0,58659.82
13-01-2019,daily_sales_data_0,57743.81
14-01-2019,daily_sales_data_0,59476.21
15-01-2019,daily_sales_data_0,58771.04
16-01-2019,daily_sales_data_0,57607.1
17-01-2019,daily_sales_data_0,58675.2
18-01-2019,daily_sales_data_0,58609.75
19-01-2019,daily_sales_data_0,58235.72
20-01-2019,daily_sales_data_0,58154.01
21-01-2019,daily_sales_data_0,58431.24
22-01-2019,daily_sales_data_0,60653.87
23-01-2019,daily_sales_data_0,57998.5
24-01-2019,daily_sales_data_0,58950.05
25-01-2019,daily_sales_data_0,58368.77
26-01-2019,daily_sales_data_0,59166.46
27-01-2019,daily_sales_data_0,59174.44
28-01-2019,daily_sales_data_0,58801.2
29-01-2019,daily_sales_data_0,58256.12
30-01-2019,daily_sales_data_0,60382.71
31-01-2019,daily_sales_data_0,58769.67
01-02-2019,daily_sales_data_0,57561.26
02-02-2019,daily_sales_data_0,59170.32
03-02-2019,daily_sales_data_0,59448.93
04-02-2019,daily_sales_data_0,59060.95
05-02-2019,daily_sales_data_0,57938.39
06-02-2019,daily_sales_data_0,58200.82
07-02-2019,daily_sales_data_0,57946.66
08-02-2019,daily_sales_data_0,58829.48
09-02-2019,daily_sales_data_0,58623.47
10-02-2019,daily_sales_data_0,57730.49
11-02-2019,daily_sales_data_0,58987.44
12-02-2019,daily_sales_data_0,58988.71
13-02-2019,daily_sales_data_0,59301.98
14-02-2019,daily_sales_data_0,58589.66
15-02-2019,daily_sales_data_0,59463.77
16-02-2019,daily_sales_data_0,58772.17
17-02-2019,daily_sales_data_0,58879.48
18-02-2019,daily_sales_data_0,58649.05
19-02-2019,daily_sales_data_0,58931.54
20-02-2019,daily_sales_data_0,59775.25
21-02-2019,daily_sales_data_0,59082.74
22-02-2019,daily_sales_data_0,59586.37
23-02-2019,daily_sales_data_0,57883.17
24-02-2019,daily_sales_data_0,59864.06
25-02-2019,daily_sales_data_0,59571.34
26-02-2019,daily_sales_data_0,58997.43
27-02-2019,daily_sales_data_0,58885.19
28-02-2019,daily_sales_data_0,57881.26
01-03-2019,daily_sales_data_0,59398.95
02-03-2019,daily_sales_data_0,59367.94
03-03-2019,daily_sales_data_0,59283.15
04-03-2019,daily_sales_data_0,57077.39
05-03-2019,daily_sales_data_0,58680.81
06-03-2019,daily_sales_data_0,59700.1
07-03-2019,daily_sales_data_0,58288.62
08-03-2019,daily_sales_data_0,58901.18
09-03-2019,daily_sales_data_0,59485.67
10-03-2019,daily_sales_data_0,58715.6
11-03-2019,daily_sales_data_0,59175.11
12-03-2019,daily_sales_data_0,59260.36
13-03-2019,daily_sales_data_0,59971.34
14-03-2019,daily_sales_data_0,59684.7
15-03-2019,daily_sales_data_0,59762.16
16-03-2019,daily_sales_data_0,58801.86
17-03-2019,daily_sales_data_0,60178.82
18-03-2019,daily_sales_data_0,60029.4
19-03-2019,daily_sales_data_0,58018.96
20-03-2019,daily_sales_data_0,58279.8
21-03-2019,daily_sales_data_0,59201.96
22-03-2019,daily_sales_data_0,59142.94
23-03-2019,daily_sales_data_0,60968.5
24-03-2019,daily_sales_data_0,59655.7
25-03-2019,daily_sales_data_0,59151.13
26-03-2019,daily_sales_data_0,58647.41
27-03-2019,daily_sales_data_0,60083.59
28-03-2019,daily_sales_data_0,58635.17
29-03-2019,daily_sales_data_0,58593.22
30-03-2019,daily_sales_data_0,59296.29
31-03-2019,daily_sales_data_0,57448.67
01-04-2019,daily_sales_data_0,59292.21
02-04-2019,daily_sales_data_0,57506.44
03-04-2019,daily_sales_data_0,59155.03
04-04-2019,daily_sales_data_0,58287.05
05-04-2019,daily_sales_data_0,58598.09
06-04-2019,daily_sales_data_0,58822.86
07-04-2019,daily_sales_data_0,60030.77
08-04-2019,daily_sales_data_0,58421.22
09-04-2019,daily_sales_data_0,59619.85
10-04-2019,daily_sales_data_0,57066.45
11-04-2019,daily_sales_data_0,58687.82
12-04-2019,daily_sales_data_0,58589.22
13-04-2019,daily_sales_data_0,58606.51
14-04-2019,daily_sales_data_0,58685.29
15-04-2019,daily_sales_data_0,58684.62
16-04-2019,daily_sales_data_0,60059.81
17-04-2019,daily_sales_data_0,58997.59
18-04-2019,daily_sales_data_0,58209.14
19-04-2019,daily_sales_data_0,58898.47
20-04-2019,daily_sales_data_0,58521.39
21-04-2019,daily_sales_data_0,56866.67
22-04-2019,daily_sales_data_0,59470.67
23-04-2019,daily_sales_data_0,57790.41
24-04-2019,daily_sales_data_0,58793.82
25-04-2019,daily_sales_data_0,59270.66
26-04-2019,daily_sales_data_0,57327.83
27-04-2019,daily_sales_data_0,59651.35
28-04-2019,daily_sales_data_0,58538.17
29-04-2019,daily_sales_data_0,60525.59
30-04-2019,daily_sales_data_0,58373
01-05-2019,daily_sales_data_0,60405.22
02-05-2019,daily_sales_data_0,59019.89
03-05-2019,daily_sales_data_0,58937.85
04-05-2019,daily_sales_data_0,59798.67
05-05-2019,daily_sales_data_0,58533.52
06-05-2019,daily_sales_data_0,59284.85
07-05-2019,daily_sales_data_0,59114.38
08-05-2019,daily_sales_data_0,58124.19
09-05-2019,daily_sales_data_0,58684.89
10-05-2019,daily_sales_data_0,57874.42
11-05-2019,daily_sales_data_0,57243.91
12-05-2019,daily_sales_data_0,58482.26
13-05-2019,daily_sales_data_0,58440.56
14-05-2019,daily_sales_data_0,57990.04
15-05-2019,daily_sales_data_0,58465.54
16-05-2019,daily_sales_data_0,58653.64
17-05-2019,daily_sales_data_0,59047.75
18-05-2019,daily_sales_data_0,57672.74
19-05-2019,daily_sales_data_0,60564.79
20-05-2019,daily_sales_data_0,59662.97
21-05-2019,daily_sales_data_0,58799.53
22-05-2019,daily_sales_data_0,58126.79
23-05-2019,daily_sales_data_0,59367.87
24-05-2019,daily_sales_data_0,59587.99
25-05-2019,daily_sales_data_0,59287.14
26-05-2019,daily_sales_data_0,58398.83
27-05-2019,daily_sales_data_0,59469.38
28-05-2019,daily_sales_data_0,58063.32
29-05-2019,daily_sales_data_0,60772.37
30-05-2019,daily_sales_data_0,59422.25
31-05-2019,daily_sales_data_0,59001.19
01-06-2019,daily_sales_data_0,57831.63
02-06-2019,daily_sales_data_0,58193.8
03-06-2019,daily_sales_data_0,59035.25
04-06-2019,daily_sales_data_0,57771.7
05-06-2019,daily_sales_data_0,58774.48
06-06-2019,daily_sales_data_0,57614.76
07-06-2019,daily_sales_data_0,58344.72
08-06-2019,daily_sales_data_0,58611.8
09-06-2019,daily_sales_data_0,59855.16
10-06-2019,daily_sales_data_0,58452.98
11-06-2019,daily_sales_data_1,58376.32
12-06-2019,daily_sales_data_1,58416.94
13-06-2019,daily_sales_data_1,59415.25
14-06-2019,daily_sales_data_1,57511.71
15-06-2019,daily_sales_data_1,57612.19
16-06-2019,daily_sales_data_1,58745.14
17-06-2019,daily_sales_data_1,57306.82
18-06-2019,daily_sales_data_1,59644.83
19-06-2019,daily_sales_data_1,59329.64
20-06-2019,daily_sales_data_1,59810
21-06-2019,daily_sales_data_1,59127.45
22-06-2019,daily_sales_data_1,57577.39
23-06-2019,daily_sales_data_1,57782.01
24-06-2019,daily_sales_data_1,57863.73
25-06-2019,daily_sales_data_1,58400.2
26-06-2019,daily_sales_data_1,57679.26
27-06-2019,daily_sales_data_1,58118.9
28-06-2019,daily_sales_data_1,59306.31
29-06-2019,daily_sales_data_1,59112.85
30-06-2019,daily_sales_data_1,59585.21
01-07-2019,daily_sales_data_1,59161.97
02-07-2019,daily_sales_data_1,58547.66
03-07-2019,daily_sales_data_1,58151.97
04-07-2019,daily_sales_data_1,58357.66
05-07-2019,daily_sales_data_1,58741.19
06-07-2019,daily_sales_data_1,58641.22
07-07-2019,daily_sales_data_1,58369.57
08-07-2019,daily_sales_data_1,58462.45
09-07-2019,daily_sales_data_1,58966.53
10-07-2019,daily_sales_data_1,59765.15
11-07-2019,daily_sales_data_1,60576.67
12-07-2019,daily_sales_data_1,59234.71
13-07-2019,daily_sales_data_1,59506.3
14-07-2019,daily_sales_data_1,60010.53
15-07-2019,daily_sales_data_1,58782.01
16-07-2019,daily_sales_data_1,57517.75
17-07-2019,daily_sales_data_1,57756.55
18-07-2019,daily_sales_data_1,57777.63
19-07-2019,daily_sales_data_1,60183.68
20-07-2019,daily_sales_data_1,58400.1
21-07-2019,daily_sales_data_1,58551.53
22-07-2019,daily_sales_data_1,59280.78
23-07-2019,daily_sales_data_1,58747.06
24-07-2019,daily_sales_data_1,59224.06
25-07-2019,daily_sales_data_1,58171.76
26-07-2019,daily_sales_data_1,57665.1
27-07-2019,daily_sales_data_1,59008.49
28-07-2019,daily_sales_data_1,59580.23
29-07-2019,daily_sales_data_1,58985.01
30-07-2019,daily_sales_data_1,58518.46
31-07-2019,daily_sales_data_1,59217.76
01-08-2019,daily_sales_data_1,58783.97
02-08-2019,daily_sales_data_1,60335.89
03-08-2019,daily_sales_data_1,59316.42
04-08-2019,daily_sales_data_1,57749.69
05-08-2019,daily_sales_data_1,58947.44
06-08-2019,daily_sales_data_1,60057.39
07-08-2019,daily_sales_data_1,58202.07
08-08-2019,daily_sales_data_1,59284.62
09-08-2019,daily_sales_data_1,60746.77
10-08-2019,daily_sales_data_1,59447.49
11-08-2019,daily_sales_data_1,59583.55
12-08-2019,daily_sales_data_1,58784.04
13-08-2019,daily_sales_data_1,58067.81
14-08-2019,daily_sales_data_1,59942.8
15-08-2019,daily_sales_data_1,57760.25
16-08-2019,daily_sales_data_1,58836.33
17-08-2019,daily_sales_data_1,58108.71
18-08-2019,daily_sales_data_1,58257.45
19-08-2019,daily_sales_data_1,59212.14
20-08-2019,daily_sales_data_1,58943.87
21-08-2019,daily_sales_data_1,58730.05
22-08-2019,daily_sales_data_1,58026.75
23-08-2019,daily_sales_data_1,57343.76
24-08-2019,daily_sales_data_1,57917.76
25-08-2019,daily_sales_data_1,58443.78
26-08-2019,daily_sales_data_1,57671.66
27-08-2019,daily_sales_data_1,58371.36
28-08-2019,daily_sales_data_1,58490.88
29-08-2019,daily_sales_data_1,60065.29
30-08-2019,daily_sales_data_1,58498.7
31-08-2019,daily_sales_data_1,58937.75
01-09-2019,daily_sales_data_1,58325.53
02-09-2019,daily_sales_data_1,59155.1
03-09-2019,daily_sales_data_1,58235.93
04-09-2019,daily_sales_data_1,58705.66
05-09-2019,daily_sales_data_1,58449.91
06-09-2019,daily_sales_data_1,58307.62
07-09-2019,daily_sales_data_1,58344.97
08-09-2019,daily_sales_data_1,58286.14
09-09-2019,daily_sales_data_1,59526.32
10-09-2019,daily_sales_data_1,59337.18
11-09-2019,daily_sales_data_1,60337.47
12-09-2019,daily_sales_data_1,59169.73
13-09-2019,daily_sales_data_1,59488.21
14-09-2019,daily_sales_data_1,57695.7
15-09-2019,daily_sales_data_1,59586.52
16-09-2019,daily_sales_data_1,58905.28
17-09-2019,daily_sales_data_1,59344.02
18-09-2019,daily_sales_data_1,59181.44
19-09-2019,daily_sales_data_1,58725.92
20-09-2019,daily_sales_data_1,58418.51
21-09-2019,daily_sales_data_1,60367.73
22-09-2019,daily_sales_data_1,57917.02
23-09-2019,daily_sales_data_1,57404.64
24-09-2019,daily_sales_data_1,59037.86
25-09-2019,daily_sales_data_1,58696.69
26-09-2019,daily_sales_data_1,58320.25
27-09-2019,daily_sales_data_1,58956.31
28-09-2019,daily_sales_data_1,59693.81
29-09-2019,daily_sales_data_1,58642.15
30-09-2019,daily_sales_data_1,60018.97
01-10-2019,daily_sales_data_1,58903.08
02-10-2019,daily_sales_data_1,58719.61
03-10-2019,daily_sales_data_1,57157.97
04-10-2019,daily_sales_data_1,57384.46
05-10-2019,daily_sales_data_1,58993.25
06-10-2019,daily_sales_data_1,60274.03
07-10-2019,daily_sales_data_1,59261.56
08-10-2019,daily_sales_data_1,57558.13
09-10-2019,daily_sales_data_1,58373.98
10-10-2019,daily_sales_data_1,59484.17
11-10-2019,daily_sales_data_1,58524.13
12-10-2019,daily_sales_data_1,58746.99
13-10-2019,daily_sales_data_1,58337.19
14-10-2019,daily_sales_data_1,58571
15-10-2019,daily_sales_data_1,58383.22
16-10-2019,daily_sales_data_1,58534.51
17-10-2019,daily_sales_data_1,58811.62
18-10-2019,daily_sales_data_1,58239.93
19-10-2019,daily_sales_data_1,58566.86
20-10-2019,daily_sales_data_1,58874.13
21-10-2019,daily_sales_data_1,57457.07
22-10-2019,daily_sales_data_1,58885.68
23-10-2019,daily_sales_data_1,59446.21
24-10-2019,daily_sales_data_1,58115.27
25-10-2019,daily_sales_data_1,57824.41
26-10-2019,daily_sales_data_1,58733.46
27-10-2019,daily_sales_data_1,59003.53
28-10-2019,daily_sales_data_1,58682.44
29-10-2019,daily_sales_data_1,57961.75
30-10-2019,daily_sales_data_1,58752.96
31-10-2019,daily_sales_data_1,58745.83
01-11-2019,daily_sales_data_1,58902.3
02-11-2019,daily_sales_data_1,60121.78
03-11-2019,daily_sales_data_1,58388.44
04-11-2019,daily_sales_data_1,59068.44
05-11-2019,daily_sales_data_1,58008.49
06-11-2019,daily_sales_data_1,59844.17
07-11-2019,daily_sales_data_1,58051.05
08-11-2019,daily_sales_data_1,58484.21
09-11-2019,daily_sales_data_1,58920.2
10-11-2019,daily_sales_data_1,60305.99
11-11-2019,daily_sales_data_1,57937.12
12-11-2019,daily_sales_data_1,60302.91
13-11-2019,daily_sales_data_1,58941.65
14-11-2019,daily_sales_data_1,58134.63
15-11-2019,daily_sales_data_1,58775.41
16-11-2019,daily_sales_data_1,58958.72
17-11-2019,daily_sales_data_1,58289.43
18-11-2019,daily_sales_data_1,58693.2
19-11-2019,daily_sales_data_1,58623.4
20-11-2019,daily_sales_data_1,57734.36
21-11-2019,daily_sales_data_1,58340.81
22-11-2019,daily_sales_data_1,59281.02
23-11-2019,daily_sales_data_1,58707.37
24-11-2019,daily_sales_data_1,58752.37
25-11-2019,daily_sales_data_1,58785.97
26-11-2019,daily_sales_data_1,58870.23
27-11-2019,daily_sales_data_1,59188.53
28-11-2019,daily_sales_data_1,59738.23
29-11-2019,daily_sales_data_1,59536.33
30-11-2019,daily_sales_data_1,59477.84
01-12-2019,daily_sales_data_1,60108.5
02-12-2019,daily_sales_data_1,58824.79
03-12-2019,daily_sales_data_1,58468.46
04-12-2019,daily_sales_data_1,59172.35
05-12-2019,daily_sales_data_1,60233.92
06-12-2019,daily_sales_data_1,60253.75
07-12-2019,daily_sales_data_1,59679.08
08-12-2019,daily_sales_data_1,58837.18
09-12-2019,daily_sales_data_1,58992.36
10-12-2019,daily_sales_data_1,58403.14
11-12-2019,daily_sales_data_1,57968.27
12-12-2019,daily_sales_data_1,59022.09
13-12-2019,daily_sales_data_1,60360.28
14-12-2019,daily_sales_data_1,59209.29
15-12-2019,daily_sales_data_1,59223.83
16-12-2019,daily_sales_data_1,59374.42
17-12-2019,daily_sales_data_1,59007.8
18-12-2019,daily_sales_data_1,58638.8
19-12-2019,daily_sales_data_1,57923.73
20-12-2019,daily_sales_data_1,59525.04
21-12-2019,daily_sales_data_1,59131.58
22-12-2019,daily_sales_data_1,59204.01
23-12-2019,daily_sales_data_1,59053.17
24-12-2019,daily_sales_data_1,58120.66
25-12-2019,daily_sales_data_1,59466.24
26-12-2019,daily_sales_data_1,59486.45
27-12-2019,daily_sales_data_1,58401.16
28-12-2019,daily_sales_data_1,58738.26
29-12-2019,daily_sales_data_1,58851.11
30-12-2019,daily_sales_data_1,57796.73
31-12-2019,daily_sales_data_1,60279.14
01-01-2020,daily_sales_data_1,58383.25
02-01-2020,daily_sales_data_1,59053.33
03-01-2020,daily_sales_data_1,58752.18
04-01-2020,daily_sales_data_1,59129
05-01-2020,daily_sales_data_1,58123.24
06-01-2020,daily_sales_data_1,59694.7
07-01-2020,daily_sales_data_1,58205.79
08-01-2020,daily_sales_data_1,59513.86
09-01-2020,daily_sales_data_1,58814.39
10-01-2020,daily_sales_data_1,59735.89
11-01-2020,daily_sales_data_1,59344.46
12-01-2020,daily_sales_data_1,59570.88
13-01-2020,daily_sales_data_1,57898.39
14-01-2020,daily_sales_data_1,58458.69
15-01-2020,daily_sales_data_1,59199.69
16-01-2020,daily_sales_data_1,59138.84
17-01-2020,daily_sales_data_1,59456.56
18-01-2020,daily_sales_data_1,59246.55
19-01-2020,daily_sales_data_1,58191.86
20-01-2020,daily_sales_data_1,59381.02
21-01-2020,daily_sales_data_1,59277.74
22-01-2020,daily_sales_data_1,58680.53
23-01-2020,daily_sales_data_1,58724.22
24-01-2020,daily_sales_data_1,58475.24
25-01-2020,daily_sales_data_1,58814.11
26-01-2020,daily_sales_data_1,57628.71
27-01-2020,daily_sales_data_1,57607.92
28-01-2020,daily_sales_data_1,59164.55
29-01-2020,daily_sales_data_1,59609.59
30-01-2020,daily_sales_data_1,57776.02
31-01-2020,daily_sales_data_1,58796.08
01-02-2020,daily_sales_data_1,57598.57
02-02-2020,daily_sales_data_1,58928.85
03-02-2020,daily_sales_data_1,58795.12
04-02-2020,daily_sales_data_1,59040.03
05-02-2020,daily_sales_data_1,60046.99
06-02-2020,daily_sales_data_1,58817.05
07-02-2020,daily_sales_data_1,58419.72
08-02-2020,daily_sales_data_1,59612.45
09-02-2020,daily_sales_data_1,59478.08
10-02-2020,daily_sales_data_1,58033.3
11-02-2020,daily_sales_data_1,57424.39
12-02-2020,daily_sales_data_1,59685.14
13-02-2020,daily_sales_data_1,59292.32
14-02-2020,daily_sales_data_1,59123.76
15-02-2020,daily_sales_data_1,58827.08
16-02-2020,daily_sales_data_1,59502.04
17-02-2020,daily_sales_data_1,59159.36
18-02-2020,daily_sales_data_1,59102.61
19-02-2020,daily_sales_data_1,57987.47
20-02-2020,daily_sales_data_1,59559.85
21-02-2020,daily_sales_data_1,57893.54
22-02-2020,daily_sales_data_1,58300.58
23-02-2020,daily_sales_data_1,58627.36
24-02-2020,daily_sales_data_1,58784.72
25-02-2020,daily_sales_data_1,58739.64
26-02-2020,daily_sales_data_1,58451.36
27-02-2020,daily_sales_data_1,58204
28-02-2020,daily_sales_data_1,59107.03
29-02-2020,daily_sales_data_1,59173.47
01-03-2020,daily_sales_data_1,57963.83
02-03-2020,daily_sales_data_1,57834.85
03-03-2020,daily_sales_data_1,59056.47
04-03-2020,daily_sales_data_1,57777.85
05-03-2020,daily_sales_data_1,59347.31
06-03-2020,daily_sales_data_1,58066.04
07-03-2020,daily_sales_data_1,58540.72
08-03-2020,daily_sales_data_1,57795.12
09-03-2020,daily_sales_data_1,60058.31
10-03-2020,daily_sales_data_1,59349.28
11-03-2020,daily_sales_data_1,56587.05
12-03-2020,daily_sales_data_1,57961.05
13-03-2020,daily_sales_data_1,59673.39
14-03-2020,daily_sales_data_1,58468.98
15-03-2020,daily_sales_data_1,59256.29
16-03-2020,daily_sales_data_1,59818.48
17-03-2020,daily_sales_data_1,58874.71
18-03-2020,daily_sales_data_1,59138.32
19-03-2020,daily_sales_data_1,58708.64
20-03-2020,daily_sales_data_1,59270.44
21-03-2020,daily_sales_data_1,57223.61
22-03-2020,daily_sales_data_1,58870.76
23-03-2020,daily_sales_data_1,59012.69
24-03-2020,daily_sales_data_1,57056.32
25-03-2020,daily_sales_data_1,59176.18
26-03-2020,daily_sales_data_1,59571.8
27-03-2020,daily_sales_data_1,60362.82
28-03-2020,daily_sales_data_1,59714.9
29-03-2020,daily_sales_data_1,59748.92
30-03-2020,daily_sales_data_1,58675.92
31-03-2020,daily_sales_data_1,59678.57
01-04-2020,daily_sales_data_1,58866.42
02-04-2020,daily_sales_data_1,59413.99
03-04-2020,daily_sales_data_1,57665.86
04-04-2020,daily_sales_data_1,58351.57
05-04-2020,daily_sales_data_1,59095.94
06-04-2020,daily_sales_data_1,58738.75
07-04-2020,daily_sales_data_1,57914.04
08-04-2020,daily_sales_data_1,59243.97
09-04-2020,daily_sales_data_1,57687.99
10-04-2020,daily_sales_data_1,58632.59
11-04-2020,daily_sales_data_1,56754.66
12-04-2020,daily_sales_data_1,59574.57
13-04-2020,daily_sales_data_1,57437.7
14-04-2020,daily_sales_data_1,59308.71
15-04-2020,daily_sales_data_1,58953.92
16-04-2020,daily_sales_data_1,59386.8
17-04-2020,daily_sales_data_1,59798.69
18-04-2020,daily_sales_data_1,58750.62
19-04-2020,daily_sales_data_1,59269.07
20-04-2020,daily_sales_data_1,59038.79
21-04-2020,daily_sales_data_1,58947.13
22-04-2020,daily_sales_data_1,58239.5
23-04-2020,daily_sales_data_1,59100.2
24-04-2020,daily_sales_data_1,57638.8
25-04-2020,daily_sales_data_1,57690.71
26-04-2020,daily_sales_data_1,58978.04
27-04-2020,daily_sales_data_1,58338.38
28-04-2020,daily_sales_data_1,58528.12
29-04-2020,daily_sales_data_1,59318.41
30-04-2020,daily_sales_data_1,59071.5
01-05-2020,daily_sales_data_1,58750.2
02-05-2020,daily_sales_data_1,58767.26
03-05-2020,daily_sales_data_1,58696.32
04-05-2020,daily_sales_data_1,58736.68
05-05-2020,daily_sales_data_1,57632.02
06-05-2020,daily_sales_data_1,58555.7
07-05-2020,daily_sales_data_1,59441.39
08-05-2020,daily_sales_data_1,58436.96
09-05-2020,daily_sales_data_1,59908.99
10-05-2020,daily_sales_data_1,58198.32
11-05-2020,daily_sales_data_1,58318.84
12-05-2020,daily_sales_data_1,60001.7
13-05-2020,daily_sales_data_1,57671.29
14-05-2020,daily_sales_data_1,58626.85
15-05-2020,daily_sales_data_1,59018.85
16-05-2020,daily_sales_data_1,59028.72
17-05-2020,daily_sales_data_1,58308.95
18-05-2020,daily_sales_data_1,58900.5
19-05-2020,daily_sales_data_1,58385.41
20-05-2020,daily_sales_data_1,58766.66
21-05-2020,daily_sales_data_1,60039.18
22-05-2020,daily_sales_data_1,58134.76
23-05-2020,daily_sales_data_1,58222.08
24-05-2020,daily_sales_data_1,60248.57
25-05-2020,daily_sales_data_1,58677.67
26-05-2020,daily_sales_data_1,58836.88
27-05-2020,daily_sales_data_1,58029.86
28-05-2020,daily_sales_data_1,57830.43
29-05-2020,daily_sales_data_1,59157
30-05-2020,daily_sales_data_1,59040.37
31-05-2020,daily_sales_data_1,59499.55
01-06-2020,daily_sales_data_1,60836.21
02-06-2020,daily_sales_data_1,58339.1
03-06-2020,daily_sales_data_1,59262.08
04-06-2020,daily_sales_data_1,59424.77
05-06-2020,daily_sales_data_1,58336.31
06-06-2020,daily_sales_data_1,59110.84
07-06-2020,daily_sales_data_1,58843.93
08-06-2020,daily_sales_data_1,57731.53
09-06-2020,daily_sales_data_1,58785.95
10-06-2020,daily_sales_data_1,60046.02
11-06-2020,daily_sales_data_1,58154.33
12-06-2020,daily_sales_data_1,58167.47
13-06-2020,daily_sales_data_1,59532.08
14-06-2020,daily_sales_data_1,59699.08
15-06-2020,daily_sales_data_1,59899.02
16-06-2020,daily_sales_data_1,59360.81
17-06-2020,daily_sales_data_1,57886.18
18-06-2020,daily_sales_data_1,58991.26
19-06-2020,daily_sales_data_1,58222.24
20-06-2020,daily_sales_data_1,59481.66
21-06-2020,daily_sales_data_1,59879.69
22-06-2020,daily_sales_data_1,58522.82
23-06-2020,daily_sales_data_1,59664.08
24-06-2020,daily_sales_data_1,59250.36
25-06-2020,daily_sales_data_1,59611.45
26-06-2020,daily_sales_data_1,58382.73
27-06-2020,daily_sales_data_1,59913.53
28-06-2020,daily_sales_data_1,57606.8
29-06-2020,daily_sales_data_1,58147.37
30-06-2020,daily_sales_data_1,60145.32
01-07-2020,daily_sales_data_1,58573.84
02-07-2020,daily_sales_data_1,59867.94
03-07-2020,daily_sales_data_1,58844.61
04-07-2020,daily_sales_data_1,58847.3
05-07-2020,daily_sales_data_1,59840.79
06-07-2020,daily_sales_data_1,56693.37
07-07-2020,daily_sales_data_1,58365.34
08-07-2020,daily_sales_data_1,57659.38
09-07-2020,daily_sales_data_1,59443.37
10-07-2020,daily_sales_data_1,60169.42
11-07-2020,daily_sales_data_1,58725.98
12-07-2020,daily_sales_data_1,58596.55
13-07-2020,daily_sales_data_1,57901.08
14-07-2020,daily_sales_data_1,58544.04
15-07-2020,daily_sales_data_1,58261.37
16-07-2020,daily_sales_data_1,58267.11
17-07-2020,daily_sales_data_1,60080.21
18-07-2020,daily_sales_data_1,59060.9
19-07-2020,daily_sales_data_1,59274.25
20-07-2020,daily_sales_data_1,58900.43
21-07-2020,daily_sales_data_1,60335.42
22-07-2020,daily_sales_data_1,58788.56
23-07-2020,daily_sales_data_1,58996.99
24-07-2020,daily_sales_data_1,58956.43
25-07-2020,daily_sales_data_1,60392.42
26-07-2020,daily_sales_data_1,58010.74
27-07-2020,daily_sales_data_1,58462.04
28-07-2020,daily_sales_data_1,58714.94
29-07-2020,daily_sales_data_1,58212.29
30-07-2020,daily_sales_data_1,59077.16
31-07-2020,daily_sales_data_1,58105.79
01-08-2020,daily_sales_data_1,57895.07
02-08-2020,daily_sales_data_1,58987.7
03-08-2020,daily_sales_data_1,59144.37
04-08-2020,daily_sales_data_1,58693.82
05-08-2020,daily_sales_data_1,59847.45
06-08-2020,daily_sales_data_1,58341.15
07-08-2020,daily_sales_data_1,58195.81
08-08-2020,daily_sales_data_1,59971.75
09-08-2020,daily_sales_data_1,56890.52
10-08-2020,daily_sales_data_1,59325.57
11-08-2020,daily_sales_data_1,57825.2
12-08-2020,daily_sales_data_1,57719.16
13-08-2020,daily_sales_data_1,58397.31
14-08-2020,daily_sales_data_1,59472.33
15-08-2020,daily_sales_data_1,59415.62
16-08-2020,daily_sales_data_1,58059.66
17-08-2020,daily_sales_data_1,59130.86
18-08-2020,daily_sales_data_1,57244.45
19-08-2020,daily_sales_data_1,57458.8
20-08-2020,daily_sales_data_1,59112.25
21-08-2020,daily_sales_data_1,57646.47
22-08-2020,daily_sales_data_1,57509.36
23-08-2020,daily_sales_data_1,58209.24
24-08-2020,daily_sales_data_1,58859.88
25-08-2020,daily_sales_data_1,58263.91
26-08-2020,daily_sales_data_1,59220.01
27-08-2020,daily_sales_data_1,59006.56
28-08-2020,daily_sales_data_1,57910.74
29-08-2020,daily_sales_data_1,59611.55
30-08-2020,daily_sales_data_1,59388.4
31-08-2020,daily_sales_data_1,58727.54
01-09-2020,daily_sales_data_1,58303.63
02-09-2020,daily_sales_data_1,58512.05
03-09-2020,daily_sales_data_1,58570.15
04-09-2020,daily_sales_data_1,58513.58
05-09-2020,daily_sales_data_1,60227.17
06-09-2020,daily_sales_data_1,59473.12
07-09-2020,daily_sales_data_1,59669.37
08-09-2020,daily_sales_data_1,58331.72
09-09-2020,daily_sales_data_1,58024.83
10-09-2020,daily_sales_data_1,59264.36
11-09-2020,daily_sales_data_1,59110.75
12-09-2020,daily_sales_data_1,58675.98
13-09-2020,daily_sales_data_1,57779.86
14-09-2020,daily_sales_data_1,59638.75
15-09-2020,daily_sales_data_1,58476.5
16-09-2020,daily_sales_data_1,58905.36
17-09-2020,daily_sales_data_1,59783.91
18-09-2020,daily_sales_data_1,58921.67
19-09-2020,daily_sales_data_1,59865.07
20-09-2020,daily_sales_data_1,58434.82
21-09-2020,daily_sales_data_1,58845.11
22-09-2020,daily_sales_data_1,58420.78
23-09-2020,daily_sales_data_1,58726.26
24-09-2020,daily_sales_data_1,59513.44
25-09-2020,daily_sales_data_1,58357.01
26-09-2020,daily_sales_data_1,58478.82
27-09-2020,daily_sales_data_1,58737.06
28-09-2020,daily_sales_data_1,58741.16
29-09-2020,daily_sales_data_1,58969.6
30-09-2020,daily_sales_data_1,58135.49
01-10-2020,daily_sales_data_1,57398.84
02-10-2020,daily_sales_data_1,58693.61
03-10-2020,daily_sales_data_1,57938.89
04-10-2020,daily_sales_data_1,58689.02
05-10-2020,daily_sales_data_1,59346.61
06-10-2020,daily_sales_data_1,59858.14
07-10-2020,daily_sales_data_1,58090.57
08-10-2020,daily_sales_data_1,58681.51
09-10-2020,daily_sales_data_1,58416.49
10-10-2020,daily_sales_data_1,58890.59
11-10-2020,daily_sales_data_1,58724.39
12-10-2020,daily_sales_data_1,59430.01
13-10-2020,daily_sales_data_2,58833.23
14-10-2020,daily_sales_data_2,58902
15-10-2020,daily_sales_data_2,60307.91
16-10-2020,daily_sales_data_2,57956.54
17-10-2020,daily_sales_data_2,59115.11
18-10-2020,daily_sales_data_2,59663.87
19-10-2020,daily_sales_data_2,58140.13
20-10-2020,daily_sales_data_2,59498.25
21-10-2020,daily_sales_data_2,60163.42
22-10-2020,daily_sales_data_2,59281.39
23-10-2020,daily_sales_data_2,58997.32
24-10-2020,daily_sales_data_2,58401.49
25-10-2020,daily_sales_data_2,58341.12
26-10-2020,daily_sales_data_2,59082.44
27-10-2020,daily_sales_data_2,59202.27
28-10-2020,daily_sales_data_2,59163.66
29-10-2020,daily_sales_data_2,59469.45
30-10-2020,daily_sales_data_2,60239.16
31-10-2020,daily_sales_data_2,58583.36
01-11-2020,daily_sales_data_2,57990.01
02-11-2020,daily_sales_data_2,59606.52
03-11-2020,daily_sales_data_2,58756.08
04-11-2020,daily_sales_data_2,58552.94
05-11-2020,daily_sales_data_2,59865.56
06-11-2020,daily_sales_data_2,58435.42
07-11-2020,daily_sales_data_2,58461.81
08-11-2020,daily_sales_data_2,59157.77
09-11-2020,daily_sales_data_2,58676.94
10-11-2020,daily_sales_data_2,58283.27
11-11-2020,daily_sales_data_2,58840.63
12-11-2020,daily_sales_data_2,58515.89
13-11-2020,daily_sales_data_2,58875.07
14-11-2020,daily_sales_data_2,59266.06
15-11-2020,daily_sales_data_2,59556.82
16-11-2020,daily_sales_data_2,59430.4
17-11-2020,daily_sales_data_2,58913.24
18-11-2020,daily_sales_data_2,59791.34
19-11-2020,daily_sales_data_2,58119.41
20-11-2020,daily_sales_data_2,59147.41
21-11-2020,daily_sales_data_2,58171.68
22-11-2020,daily_sales_data_2,59593.9
23-11-2020,daily_sales_data_2,58409.29
24-11-2020,daily_sales_data_2,59092.82
25-11-2020,daily_sales_data_2,58654.36
26-11-2020,daily_sales_data_2,57727.48
27-11-2020,daily_sales_data_2,59215.23
28-11-2020,daily_sales_data_2,58472.15
29-11-2020,daily_sales_data_2,60393.68
30-11-2020,daily_sales_data_2,58563.43
01-12-2020,daily_sales_data_2,58703.08
02-12-2020,daily_sales_data_2,58543.03
03-12-2020,daily_sales_data_2,59001.5
04-12-2020,daily_sales_data_2,59423.26
05-12-2020,daily_sales_data_2,58555.76
06-12-2020,daily_sales_data_2,58718.04
07-12-2020,daily_sales_data_2,58416.09
08-12-2020,daily_sales_data_2,58768.61
09-12-2020,daily_sales_data_2,58639.98
10-12-2020,daily_sales_data_2,57676.76
11-12-2020,daily_sales_data_2,59126.08
12-12-2020,daily_sales_data_2,58940.86
13-12-2020,daily_sales_data_2,57869.66
14-12-2020,daily_sales_data_2,57701.91
15-12-2020,daily_sales_data_2,57766.66
16-12-2020,daily_sales_data_2,59554.55
17-12-2020,daily_sales_data_2,58653.78
18-12-2020,daily_sales_data_2,59791.08
19-12-2020,daily_sales_data_2,58334.43
20-12-2020,daily_sales_data_2,59423.34
21-12-2020,daily_sales_data_2,58847.9
22-12-2020,daily_sales_data_2,59925.82
23-12-2020,daily_sales_data_2,58671.84
24-12-2020,daily_sales_data_2,58999.42
25-12-2020,daily_sales_data_2,59212.51
26-12-2020,daily_sales_data_2,58644.02
27-12-2020,daily_sales_data_2,58661.23
28-12-2020,daily_sales_data_2,58747.4
29-12-2020,daily_sales_data_2,57387.06
30-12-2020,daily_sales_data_2,59525.73
31-12-2020,daily_sales_data_2,59012.42
01-01-2021,daily_sales_data_2,58974.82
02-01-2021,daily_sales_data_2,59370.42
03-01-2021,daily_sales_data_2,59160.48
04-01-2021,daily_sales_data_2,59079.39
05-01-2021,daily_sales_data_2,58147.51
06-01-2021,daily_sales_data_2,58497.47
07-01-2021,daily_sales_data_2,58848.34
08-01-2021,daily_sales_data_2,60670.79
09-01-2021,daily_sales_data_2,58282.32
10-01-2021,daily_sales_data_2,57899.7
11-01-2021,daily_sales_data_2,58824.42
12-01-2021,daily_sales_data_2,58829.51
13-01-2021,daily_sales_data_2,59217.78
14-01-2021,daily_sales_data_2,58908.34
15-01-2021,daily_sales_data_2,50149.94
16-01-2021,daily_sales_data_2,52091.23
17-01-2021,daily_sales_data_2,51630.07
18-01-2021,daily_sales_data_2,51879.58
19-01-2021,daily_sales_data_2,51575.77
20-01-2021,daily_sales_data_2,52141.99
21-01-2021,daily_sales_data_2,50788.01
22-01-2021,daily_sales_data_2,53044.77
23-01-2021,daily_sales_data_2,51659.49
24-01-2021,daily_sales_data_2,51133.81
25-01-2021,daily_sales_data_2,51726.03
26-01-2021,daily_sales_data_2,51237.23
27-01-2021,daily_sales_data_2,50545.74
28-01-2021,daily_sales_data_2,50335.32
29-01-2021,daily_sales_data_2,52316.02
30-01-2021,daily_sales_data_2,50651.81
31-01-2021,daily_sales_data_2,52386.36
01-02-2021,daily_sales_data_2,52948.47
02-02-2021,daily_sales_data_2,51548.25
03-02-2021,daily_sales_data_2,52786.5
04-02-2021,daily_sales_data_2,50557.91
05-02-2021,daily_sales_data_2,51869.57
06-02-2021,daily_sales_data_2,51638.93
07-02-2021,daily_sales_data_2,50411.4
08-02-2021,daily_sales_data_2,51194.35
09-02-2021,daily_sales_data_2,52636.8
10-02-2021,daily_sales_data_2,51258.93
11-02-2021,daily_sales_data_2,51576.69
12-02-2021,daily_sales_data_2,51029.36
13-02-2021,daily_sales_data_2,53312.59
14-02-2021,daily_sales_data_2,52444.78
15-02-2021,daily_sales_data_2,51001.69
16-02-2021,daily_sales_data_2,51440.81
17-02-2021,daily_sales_data_2,51711.53
18-02-2021,daily_sales_data_2,50314.27
19-02-2021,daily_sales_data_2,51065.37
20-02-2021,daily_sales_data_2,52920.74
21-02-2021,daily_sales_data_2,51852.41
22-02-2021,daily_sales_data_2,51904.24
23-02-2021,daily_sales_data_2,51983.13
24-02-2021,daily_sales_data_2,50644.03
25-02-2021,daily_sales_data_2,50972.02
26-02-2021,daily_sales_data_2,52636.93
27-02-2021,daily_sales_data_2,51613.35
28-02-2021,daily_sales_data_2,51998.15
01-03-2021,daily_sales_data_2,52676.67
02-03-2021,daily_sales_data_2,51036.14
03-03-2021,daily_sales_data_2,52892.51
04-03-2021,daily_sales_data_2,51956.1
05-03-2021,daily_sales_data_2,51904.45
06-03-2021,daily_sales_data_2,51038.44
07-03-2021,daily_sales_data_2,53094.81
08-03-2021,daily_sales_data_2,52032.03
09-03-2021,daily_sales_data_2,51403.73
10-03-2021,daily_sales_data_2,51636.25
11-03-2021,daily_sales_data_2,51760.42
12-03-2021,daily_sales_data_2,53653.41
13-03-2021,daily_sales_data_2,50638.58
14-03-2021,daily_sales_data_2,52004.06
15-03-2021,daily_sales_data_2,51759.86
16-03-2021,daily_sales_data_2,51768.02
17-03-2021,daily_sales_data_2,51585.34
18-03-2021,daily_sales_data_2,51382.08
19-03-2021,daily_sales_data_2,52048.57
20-03-2021,daily_sales_data_2,52327.84
21-03-2021,daily_sales_data_2,52125.43
22-03-2021,daily_sales_data_2,51595.87
23-03-2021,daily_sales_data_2,52305.54
24-03-2021,daily_sales_data_2,50385.14
25-03-2021,daily_sales_data_2,53125.57
26-03-2021,daily_sales_data_2,51815.9
27-03-2021,daily_sales_data_2,52418.61
28-03-2021,daily_sales_data_2,51832.06
29-03-2021,daily_sales_data_2,52530.15
30-03-2021,daily_sales_data_2,52457.18
31-03-2021,daily_sales_data_2,52555.15
01-04-2021,daily_sales_data_2,52651.15
02-04-2021,daily_sales_data_2,50663.51
03-04-2021,daily_sales_data_2,51552.39
04-04-2021,daily_sales_data_2,51003.65
05-04-2021,daily_sales_data_2,51858.62
06-04-2021,daily_sales_data_2,51956.53
07-04-2021,daily_sales_data_2,50627.01
08-04-2021,daily_sales_data_2,50520.35
09-04-2021,daily_sales_data_2,53375.37
10-04-2021,daily_sales_data_2,51009.52
11-04-2021,daily_sales_data_2,51468.9
12-04-2021,daily_sales_data_2,51662.13
13-04-2021,daily_sales_data_2,50818.5
14-04-2021,daily_sales_data_2,51965.79
15-04-2021,daily_sales_data_2,51138.59
16-04-2021,daily_sales_data_2,52442.11
17-04-2021,daily_sales_data_2,51411.33
18-04-2021,daily_sales_data_2,52106.12
19-04-2021,daily_sales_data_2,51876.26
20-04-2021,daily_sales_data_2,50942.81
21-04-2021,daily_sales_data_2,51477.8
22-04-2021,daily_sales_data_2,51882.54
23-04-2021,daily_sales_data_2,52574.79
24-04-2021,daily_sales_data_2,51995.06
25-04-2021,daily_sales_data_2,51914.86
26-04-2021,daily_sales_data_2,52749.2
27-04-2021,daily_sales_data_2,51629.85
28-04-2021,daily_sales_data_2,50708.99
29-04-2021,daily_sales_data_2,51877.84
30-04-2021,daily_sales_data_2,51465.59
01-05-2021,daily_sales_data_2,51693.25
02-05-2021,daily_sales_data_2,50590.2
03-05-2021,daily_sales_data_2,51400.04
04-05-2021,daily_sales_data_2,52138.55
05-05-2021,daily_sales_data_2,51606.38
06-05-2021,daily_sales_data_2,50916.7
07-05-2021,daily_sales_data_2,52295.3
08-05-2021,daily_sales_data_2,50596.72
09-05-2021,daily_sales_data_2,50946.04
10-05-2021,daily_sales_data_2,52565.45
11-05-2021,daily_sales_data_2,50563.49
12-05-2021,daily_sales_data_2,52035.43
13-05-2021,daily_sales_data_2,50567.03
14-05-2021,daily_sales_data_2,52282.78
15-05-2021,daily_sales_data_2,50149.51
16-05-2021,daily_sales_data_2,50639.78
17-05-2021,daily_sales_data_2,50341.31
18-05-2021,daily_sales_data_2,51937.86
19-05-2021,daily_sales_data_2,52015.52
20-05-2021,daily_sales_data_2,52437.95
21-05-2021,daily_sales_data_2,51854.35
22-05-2021,daily_sales_data_2,51330.4
23-05-2021,daily_sales_data_2,50845.96
24-05-2021,daily_sales_data_2,51110.73
25-05-2021,daily_sales_data_2,50927.29
26-05-2021,daily_sales_data_2,51852.49
27-05-2021,daily_sales_data_2,53067.17
28-05-2021,daily_sales_data_2,52199.89
29-05-2021,daily_sales_data_2,51379.03
30-05-2021,daily_sales_data_2,53098.67
31-05-2021,daily_sales_data_2,50848.4
01-06-2021,daily_sales_data_2,51127.64
02-06-2021,daily_sales_data_2,51403.81
03-06-2021,daily_sales_data_2,52523.21
04-06-2021,daily_sales_data_2,51119.08
05-06-2021,daily_sales_data_2,51301.25
06-06-2021,daily_sales_data_2,50472.23
07-06-2021,daily_sales_data_2,51656.67
08-06-2021,daily_sales_data_2,51210.64
09-06-2021,daily_sales_data_2,52536.24
10-06-2021,daily_sales_data_2,52596.96
11-06-2021,daily_sales_data_2,52600.45
12-06-2021,daily_sales_data_2,51685.87
13-06-2021,daily_sales_data_2,52184.64
14-06-2021,daily_sales_data_2,51401.63
15-06-2021,daily_sales_data_2,49713.41
16-06-2021,daily_sales_data_2,52153.93
17-06-2021,daily_sales_data_2,50474.26
18-06-2021,daily_sales_data_2,51956.34
19-06-2021,daily_sales_data_2,51179.37
20-06-2021,daily_sales_data_2,51182.75
21-06-2021,daily_sales_data_2,51538.04
22-06-2021,daily_sales_data_2,49546.93
23-06-2021,daily_sales_data_2,51669.58
24-06-2021,daily_sales_data_2,52483.14
25-06-2021,daily_sales_data_2,52673.02
26-06-2021,daily_sales_data_2,50949.13
27-06-2021,daily_sales_data_2,50968.81
28-06-2021,daily_sales_data_2,51330.16
29-06-2021,daily_sales_data_2,51825.14
30-06-2021,daily_sales_data_2,53044.31
01-07-2021,daily_sales_data_2,51771.15
02-07-2021,daily_sales_data_2,52066.7
03-07-2021,daily_sales_data_2,52582.14
04-07-2021,daily_sales_data_2,51618.31
05-07-2021,daily_sales_data_2,53416.85
06-07-2021,daily_sales_data_2,52914.57
07-07-2021,daily_sales_data_2,51738.5
08-07-2021,daily_sales_data_2,52579.99
09-07-2021,daily_sales_data_2,50787.33
10-07-2021,daily_sales_data_2,52176.84
11-07-2021,daily_sales_data_2,51263.53
12-07-2021,daily_sales_data_2,51910.97
13-07-2021,daily_sales_data_2,51095.76
14-07-2021,daily_sales_data_2,52434.53
15-07-2021,daily_sales_data_2,53347.86
16-07-2021,daily_sales_data_2,51278.52
17-07-2021,daily_sales_data_2,51381.46
18-07-2021,daily_sales_data_2,52300.13
19-07-2021,daily_sales_data_2,51349.19
20-07-2021,daily_sales_data_2,52781.86
21-07-2021,daily_sales_data_2,50726.39
22-07-2021,daily_sales_data_2,52291.06
23-07-2021,daily_sales_data_2,51589.98
24-07-2021,daily_sales_data_2,51701.39
25-07-2021,daily_sales_data_2,52216.82
26-07-2021,daily_sales_data_2,52597.64
27-07-2021,daily_sales_data_2,52484.66
28-07-2021,daily_sales_data_2,50847.8
29-07-2021,daily_sales_data_2,50564.72
30-07-2021,daily_sales_data_2,50754.04
31-07-2021,daily_sales_data_2,51764.76
01-08-2021,daily_sales_data_2,49674.46
02-08-2021,daily_sales_data_2,52163.22
03-08-2021,daily_sales_data_2,51928.21
04-08-2021,daily_sales_data_2,51323.58
05-08-2021,daily_sales_data_2,51329.15
06-08-2021,daily_sales_data_2,51862.19
07-08-2021,daily_sales_data_2,51924.95
08-08-2021,daily_sales_data_2,52784.82
09-08-2021,daily_sales_data_2,50382.61
10-08-2021,daily_sales_data_2,51460.18
11-08-2021,daily_sales_data_2,51857.69
12-08-2021,daily_sales_data_2,52267.7
13-08-2021,daily_sales_data_2,52513.39
14-08-2021,daily_sales_data_2,52131.74
15-08-2021,daily_sales_data_2,51796.96
16-08-2021,daily_sales_data_2,50383.79
17-08-2021,daily_sales_data_2,50563.61
18-08-2021,daily_sales_data_2,51065.46
19-08-2021,daily_sales_data_2,50939.06
20-08-2021,daily_sales_data_2,53164.39
21-08-2021,daily_sales_data_2,52025.44
22-08-2021,daily_sales_data_2,51510.43
23-08-2021,daily_sales_data_2,51282.36
24-08-2021,daily_sales_data_2,50712.92
25-08-2021,daily_sales_data_2,50254.41
26-08-2021,daily_sales_data_2,50227.23
27-08-2021,daily_sales_data_2,51163.78
28-08-2021,daily_sales_data_2,52796.41
29-08-2021,daily_sales_data_2,51496.05
30-08-2021,daily_sales_data_2,51273.91
31-08-2021,daily_sales_data_2,53374.78
01-09-2021,daily_sales_data_2,53667.92
02-09-2021,daily_sales_data_2,52221.12
03-09-2021,daily_sales_data_2,50548.18
04-09-2021,daily_sales_data_2,51480.23
05-09-2021,daily_sales_data_2,51594.96
06-09-2021,daily_sales_data_2,51941.7
07-09-2021,daily_sales_data_2,51658.76
08-09-2021,daily_sales_data_2,53105.69
09-09-2021,daily_sales_data_2,52705.25
10-09-2021,daily_sales_data_2,52575.35
11-09-2021,daily_sales_data_2,51392.39
12-09-2021,daily_sales_data_2,51072.77
13-09-2021,daily_sales_data_2,52007.24
14-09-2021,daily_sales_data_2,52192.42
15-09-2021,daily_sales_data_2,49841.26
16-09-2021,daily_sales_data_2,50906.13
17-09-2021,daily_sales_data_2,51308.88
18-09-2021,daily_sales_data_2,51300.73
19-09-2021,daily_sales_data_2,51870.9
20-09-2021,daily_sales_data_2,50554.19
21-09-2021,daily_sales_data_2,50092.32
22-09-2021,daily_sales_data_2,52537.5
23-09-2021,daily_sales_data_2,52057.57
24-09-2021,daily_sales_data_2,52917.73
25-09-2021,daily_sales_data_2,51626.03
26-09-2021,daily_sales_data_2,51484.68
27-09-2021,daily_sales_data_2,50596.4
28-09-2021,daily_sales_data_2,51275.32
29-09-2021,daily_sales_data_2,52118.04
30-09-2021,daily_sales_data_2,51831.9
01-10-2021,daily_sales_data_2,52590.19
02-10-2021,daily_sales_data_2,51135.79
03-10-2021,daily_sales_data_2,51079.74
04-10-2021,daily_sales_data_2,51206.04
05-10-2021,daily_sales_data_2,51601.05
06-10-2021,daily_sales_data_2,51523.09
07-10-2021,daily_sales_data_2,51208.5
08-10-2021,daily_sales_data_2,50362.7
09-10-2021,daily_sales_data_2,50883.87
10-10-2021,daily_sales_data_2,51478.89
11-10-2021,daily_sales_data_2,52279.65
12-10-2021,daily_sales_data_2,48704.95
13-10-2021,daily_sales_data_2,50932.32
14-10-2021,daily_sales_data_2,52264.69
15-10-2021,daily_sales_data_2,51554.07
16-10-2021,daily_sales_data_2,52249.86
17-10-2021,daily_sales_data_2,51070.23
18-10-2021,daily_sales_data_2,50432.74
19-10-2021,daily_sales_data_2,53067.3
20-10-2021,daily_sales_data_2,51614.78
21-10-2021,daily_sales_data_2,50816.29
22-10-2021,daily_sales_data_2,51121.05
23-10-2021,daily_sales_data_2,52190.46
24-10-2021,daily_sales_data_2,51182.03
25-10-2021,daily_sales_data_2,52488.32
26-10-2021,daily_sales_data_2,52137.75
27-10-2021,daily_sales_data_2,50060.63
28-10-2021,daily_sales_data_2,52885.4
29-10-2021,daily_sales_data_2,51679.09
30-10-2021,daily_sales_data_2,52813.76
31-10-2021,daily_sales_data_2,52028.01
01-11-2021,daily_sales_data_2,52444.92
02-11-2021,daily_sales_data_2,50809.37
03-11-2021,daily_sales_data_2,50983.23
04-11-2021,daily_sales_data_2,51978.01
05-11-2021,daily_sales_data_2,51872.09
06-11-2021,daily_sales_data_2,51620.21
07-11-2021,daily_sales_data_2,50155.48
08-11-2021,daily_sales_data_2,50340.66
09-11-2021,daily_sales_data_2,51794.45
10-11-2021,daily_sales_data_2,52236.54
11-11-2021,daily_sales_data_2,51105.09
12-11-2021,daily_sales_data_2,50753.98
13-11-2021,daily_sales_data_2,50769.5
14-11-2021,daily_sales_data_2,50923.5
15-11-2021,daily_sales_data_2,51067.49
16-11-2021,daily_sales_data_2,50621.24
17-11-2021,daily_sales_data_2,51472.11
18-11-2021,daily_sales_data_2,51576.72
19-11-2021,daily_sales_data_2,51766.8
20-11-2021,daily_sales_data_2,52360.09
21-11-2021,daily_sales_data_2,52559.89
22-11-2021,daily_sales_data_2,50895.56
23-11-2021,daily_sales_data_2,51169.48
24-11-2021,daily_sales_data_2,51896.31
25-11-2021,daily_sales_data_2,51637.46
26-11-2021,daily_sales_data_2,51323.6
27-11-2021,daily_sales_data_2,52447.59
28-11-2021,daily_sales_data_2,51558.95
29-11-2021,daily_sales_data_2,50552.49
30-11-2021,daily_sales_data_2,50611.42
01-12-2021,daily_sales_data_2,52354.44
02-12-2021,daily_sales_data_2,51520.87
03-12-2021,daily_sales_data_2,51221.8
04-12-2021,daily_sales_data_2,49795.92
05-12-2021,daily_sales_data_2,51448.67
06-12-2021,daily_sales_data_2,51983.53
07-12-2021,daily_sales_data_2,52119.94
08-12-2021,daily_sales_data_2,51857.51
09-12-2021,daily_sales_data_2,51168.77
10-12-2021,daily_sales_data_2,52534.2
11-12-2021,daily_sales_data_2,51552.04
12-12-2021,daily_sales_data_2,52259.52
13-12-2021,daily_sales_data_2,53254.34
14-12-2021,daily_sales_data_2,52641.41
15-12-2021,daily_sales_data_2,51693.81
16-12-2021,daily_sales_data_2,53308.05
17-12-2021,daily_sales_data_2,51699.81
18-12-2021,daily_sales_data_2,50631.92
19-12-2021,daily_sales_data_2,51556.18
20-12-2021,daily_sales_data_2,50885.51
21-12-2021,daily_sales_data_2,51849.89
22-12-2021,daily_sales_data_2,50509.86
23-12-2021,daily_sales_data_2,50877.19
24-12-2021,daily_sales_data_2,52281.14
25-12-2021,daily_sales_data_2,51106.93
26-12-2021,daily_sales_data_2,51748.31
27-12-2021,daily_sales_data_2,51802.7
28-12-2021,daily_sales_data_2,51492.1
29-12-2021,daily_sales_data_2,51401.78
30-12-2021,daily_sales_data_2,52355.67
31-12-2021,daily_sales_data_2,51938.34
01-01-2022,daily_sales_data_2,51789.62
02-01-2022,daily_sales_data_2,51845.04
03-01-2022,daily_sales_data_2,53141.99
04-01-2022,daily_sales_data_2,52674.55
05-01-2022,daily_sales_data_2,51636.67
06-01-2022,daily_sales_data_2,50790.06
07-01-2022,daily_sales_data_2,50415.43
08-01-2022,daily_sales_data_2,52028.82
09-01-2022,daily_sales_data_2,53052.63
10-01-2022,daily_sales_data_2,50689.34
11-01-2022,daily_sales_data_2,51833.87
12-01-2022,daily_sales_data_2,50354.58
13-01-2022,daily_sales_data_2,51727.13
14-01-2022,daily_sales_data_2,51942.37
15-01-2022,daily_sales_data_2,51112.94
16-01-2022,daily_sales_data_2,51255.83
17-01-2022,daily_sales_data_2,52681.6
18-01-2022,daily_sales_data_2,50412.12
19-01-2022,daily_sales_data_2,51945.04
20-01-2022,daily_sales_data_2,50870.04
21-01-2022,daily_sales_data_2,50923.08
22-01-2022,daily_sales_data_2,51763.34
23-01-2022,daily_sales_data_2,50488.8
24-01-2022,daily_sales_data_2,52787.66
25-01-2022,daily_sales_data_2,52564.41
26-01-2022,daily_sales_data_2,50403.14
27-01-2022,daily_sales_data_2,52040.66
28-01-2022,daily_sales_data_2,51999.25
29-01-2022,daily_sales_data_2,51246.6
30-01-2022,daily_sales_data_2,51000.15
31-01-2022,daily_sales_data_2,52005.53
01-02-2022,daily_sales_data_2,51583.15
02-02-2022,daily_sales_data_2,53229.76
03-02-2022,daily_sales_data_2,51355.81
04-02-2022,daily_sales_data_2,51620.62
05-02-2022,daily_sales_data_2,51461.34
06-02-2022,daily_sales_data_2,51251
07-02-2022,daily_sales_data_2,51768.24
08-02-2022,daily_sales_data_2,53193.01
09-02-2022,daily_sales_data_2,53217.32
10-02-2022,daily_sales_data_2,53229.59
11-02-2022,daily_sales_data_2,51859.06
12-02-2022,daily_sales_data_2,49635.12
13-02-2022,daily_sales_data_2,53124.49
14-02-2022,daily_sales_data_2,51870.21
